ItemCertificado;Parcela;MovimentoId;Endosso;TipoMovimento;ValorParcela;EventoId;Identificador;DataCriacao
103982136162810531;92;7E3B0000-BD3C-6045-F312-08DBEA9DE746;0;Reemissao;40.590000000000;7E3B0000-BD3C-6045-7ED5-08DBEA9DE734;6A0CAAC5-BB0A-4FAE-AA44-5110F1D8041D;2023-11-01 03:00:00.000
103982136162810531;92;7E3B0000-BD3C-6045-F2BC-08DBEA9DE746;0;CancelamentoPorDesapropriacao;40.590000000000;7E3B0000-BD3C-6045-7ED5-08DBEA9DE734;6A0CAAC5-BB0A-4FAE-AA44-5110F1D8041D;2023-11-01 03:00:00.000
103982136162810531;92;559B0000-4836-0022-D4F0-08DBEAA0E2D1;0;AjusteParcela;40.590000000000;559B0000-4836-0022-BF0E-08DBEAA0E2CF;A257E071-2179-4538-8F4B-2C4E30C161DF;2023-11-01 03:00:00.000
103982136162810531;92;7E3B0000-BD3C-6045-AB72-08DBEAA0F9D7;0;Reemissao;40.590000000000;7E3B0000-BD3C-6045-ECEE-08DBEAA0F9D5;9E5109B2-F064-4078-80BA-47F71AD1D237;2023-11-01 03:00:00.000
103982136162810531;92;7E3B0000-BD3C-6045-9DDF-08DBEAA0F9D7;0;CancelamentoAjusteParcela;40.590000000000;7E3B0000-BD3C-6045-ECEE-08DBEAA0F9D5;9E5109B2-F064-4078-80BA-47F71AD1D237;2023-11-01 03:00:00.000
103982136162810531;92;7E3B0000-BD3C-6045-D319-08DBEB9C81EF;0;Reemissao;40.590000000000;7E3B0000-BD3C-6045-A8EB-08DBEB9C81E8;F8FF8D4E-B5DC-4521-91BA-97EE84DF7179;2023-11-01 03:00:00.000
103982136162810531;92;7E3B0000-BD3C-6045-D2D4-08DBEB9C81EF;0;CancelamentoPorDesapropriacao;40.590000000000;7E3B0000-BD3C-6045-A8EB-08DBEB9C81E8;F8FF8D4E-B5DC-4521-91BA-97EE84DF7179;2023-11-01 03:00:00.000
103982136162810531;92;559B0000-4836-0022-D94B-08DBEB9C9404;0;Reemissao;40.590000000000;559B0000-4836-0022-3814-08DBEB9C9400;A6981820-A5CE-409C-A69A-CD46015A66BE;2023-11-01 03:00:00.000
103982136162810531;92;559B0000-4836-0022-D91E-08DBEB9C9404;0;CancelamentoPorDesapropriacao;40.590000000000;559B0000-4836-0022-3814-08DBEB9C9400;A6981820-A5CE-409C-A69A-CD46015A66BE;2023-11-01 03:00:00.000
103982136162810531;78;559B0000-4836-0022-F71E-08DBEB9C9406;0;Reemissao;36.280000000000;559B0000-4836-0022-CAFA-08DBEB9C9402;844C2F7D-9216-444D-B438-E2E20C5834F7;2023-11-01 03:00:00.000
10198303215011181;108;7E3B0000-BD3C-6045-AC2E-08DBEB9CB4AD;0;AjusteParcela;8.270000000000;7E3B0000-BD3C-6045-4D18-08DBEB9CB4AB;CFA85CE9-895F-4FC9-B8FD-A0B8A2FBB8B1;2023-11-01 03:00:00.000
103982136162810531;92;7E3B0000-BD3C-6045-9A42-08DBEB9CB4B4;0;AjusteParcela;40.590000000000;7E3B0000-BD3C-6045-FD0D-08DBEB9CB4B2;9EB8CDC1-487C-4CCA-A045-44CFFD229218;2023-11-01 03:00:00.000
103982136162810531;78;7E3B0000-BD3C-6045-5D7E-08DBEB9CB4B6;0;AjusteParcela;36.280000000000;7E3B0000-BD3C-6045-EFF5-08DBEB9CB4B4;019C3F8F-9512-43A9-817D-C694EEFC5CD7;2023-11-01 03:00:00.000
103982136162810531;92;7E3B0000-BD3C-6045-1FFD-08DBEB9CB4B9;0;AjusteParcela;40.590000000000;7E3B0000-BD3C-6045-AA29-08DBEB9CB4B7;FCD06DB9-7FBF-40DD-A683-3E287A056C57;2023-11-01 03:00:00.000
111075390211410171;1;7E3B0000-BD3C-6045-6DC8-08DBEB9CB4BA;0;AjusteParcela;42.660000000000;7E3B0000-BD3C-6045-1132-08DBEB9CB4B9;5BD72975-205E-41DC-8913-D1B62D30B174;2023-11-01 03:00:00.000
103982136162810531;78;7E3B0000-BD3C-6045-66C1-08DBEB9CB4BF;0;AjusteParcela;36.280000000000;7E3B0000-BD3C-6045-DD2E-08DBEB9CB4BD;201F54D1-6997-4E94-83E4-2AC4BA08CC01;2023-11-01 03:00:00.000
111075390211410171;1;559B0000-4836-0022-3FA3-08DBEB9CC6C9;0;AjusteParcela;42.660000000000;559B0000-4836-0022-0110-08DBEB9CC6C7;E7B2ED11-8B16-4551-88A9-1FCDE54CF55E;2023-11-01 03:00:00.000
111075390211410171;1;559B0000-4836-0022-6BA2-08DBEB9CC6CC;0;AjusteParcela;42.660000000000;559B0000-4836-0022-9F44-08DBEB9CC6CA;8E39E1FB-BC7D-4E89-ABD0-150A52B82880;2023-11-01 03:00:00.000
111075390211410171;1;559B0000-4836-0022-2E33-08DBEB9CC6CC;0;AjusteParcela;42.660000000000;559B0000-4836-0022-C208-08DBEB9CC6CA;6BF1FCA4-F19B-4B5B-BFBE-FBD1663EB4CA;2023-11-01 03:00:00.000
103982136162810531;78;559B0000-4836-0022-1EC8-08DBEB9CC6D3;0;AjusteParcela;36.280000000000;559B0000-4836-0022-6A92-08DBEB9CC6D1;37CEA58D-295A-429C-9F93-58F92427940C;2023-11-01 03:00:00.000
103982136162810531;78;7E3B0000-BD3C-6045-9E50-08DBEB9CE740;0;CancelamentoAjusteParcela;36.280000000000;7E3B0000-BD3C-6045-1F23-08DBEB9CE73F;5E7424DE-91AE-459A-8A3A-1F9F19528CC1;2023-11-01 03:00:00.000
103982136162810531;78;7E3B0000-BD3C-6045-9E69-08DBEB9CE740;0;Reemissao;36.280000000000;7E3B0000-BD3C-6045-1F23-08DBEB9CE73F;5E7424DE-91AE-459A-8A3A-1F9F19528CC1;2023-11-01 03:00:00.000
111075390211410171;1;7E3B0000-BD3C-6045-C265-08DBEB9CE745;0;CancelamentoAjusteParcela;42.660000000000;7E3B0000-BD3C-6045-FE3D-08DBEB9CE743;3267B914-A62F-4A9D-8295-A0AB195D40E0;2023-11-01 03:00:00.000
111075390211410171;1;7E3B0000-BD3C-6045-E390-08DBEB9CE745;0;Reemissao;42.660000000000;7E3B0000-BD3C-6045-FE3D-08DBEB9CE743;3267B914-A62F-4A9D-8295-A0AB195D40E0;2023-11-01 03:00:00.000
103982136162810531;78;7E3B0000-BD3C-6045-C47F-08DBEB9CE745;0;CancelamentoAjusteParcela;36.280000000000;7E3B0000-BD3C-6045-0654-08DBEB9CE744;5C4F5609-7E57-4961-804D-8B8413EEEACF;2023-11-01 03:00:00.000
103982136162810531;78;7E3B0000-BD3C-6045-F66D-08DBEB9CE745;0;Reemissao;36.280000000000;7E3B0000-BD3C-6045-0654-08DBEB9CE744;5C4F5609-7E57-4961-804D-8B8413EEEACF;2023-11-01 03:00:00.000
10198303215011181;108;7E3B0000-BD3C-6045-E75F-08DBEB9CE745;0;CancelamentoAjusteParcela;8.270000000000;7E3B0000-BD3C-6045-5C06-08DBEB9CE744;F0EA83C8-A16C-484F-86C8-913CF1C97FB8;2023-11-01 03:00:00.000
10198303215011181;108;7E3B0000-BD3C-6045-E783-08DBEB9CE745;0;Reemissao;8.270000000000;7E3B0000-BD3C-6045-5C06-08DBEB9CE744;F0EA83C8-A16C-484F-86C8-913CF1C97FB8;2023-11-01 03:00:00.000
103982136162810531;78;7E3B0000-BD3C-6045-F846-08DBEB9CE745;0;CancelamentoAjusteParcela;36.280000000000;7E3B0000-BD3C-6045-A50F-08DBEB9CE744;57545608-ADAE-4B77-8DF1-969486A0C569;2023-11-01 03:00:00.000
103982136162810531;78;7E3B0000-BD3C-6045-F855-08DBEB9CE745;0;Reemissao;36.280000000000;7E3B0000-BD3C-6045-A50F-08DBEB9CE744;57545608-ADAE-4B77-8DF1-969486A0C569;2023-11-01 03:00:00.000
111075390211410171;1;7E3B0000-BD3C-6045-9EE8-08DBEB9CE74A;0;CancelamentoAjusteParcela;42.660000000000;7E3B0000-BD3C-6045-D598-08DBEB9CE746;16C2DE92-5201-4679-A304-B65491E9E753;2023-11-01 03:00:00.000
111075390211410171;1;7E3B0000-BD3C-6045-9EF8-08DBEB9CE74A;0;Reemissao;42.660000000000;7E3B0000-BD3C-6045-D598-08DBEB9CE746;16C2DE92-5201-4679-A304-B65491E9E753;2023-11-01 03:00:00.000
10198303215011181;108;7E3B0000-BD3C-6045-48BF-08DBEB9CE74C;0;CancelamentoAjusteParcela;8.270000000000;7E3B0000-BD3C-6045-A6C9-08DBEB9CE74A;BC751010-0FE0-4B4D-9D0A-8220AE7EB543;2023-11-01 03:00:00.000
10198303215011181;108;7E3B0000-BD3C-6045-48CE-08DBEB9CE74C;0;Reemissao;8.270000000000;7E3B0000-BD3C-6045-A6C9-08DBEB9CE74A;BC751010-0FE0-4B4D-9D0A-8220AE7EB543;2023-11-01 03:00:00.000
111075390211410171;1;559B0000-4836-0022-B979-08DBEB9CF959;0;CancelamentoAjusteParcela;42.660000000000;559B0000-4836-0022-6E57-08DBEB9CF956;53761425-DCCA-483C-8024-D6A42C691547;2023-11-01 03:00:00.000
111075390211410171;1;559B0000-4836-0022-B986-08DBEB9CF959;0;Reemissao;42.660000000000;559B0000-4836-0022-6E57-08DBEB9CF956;53761425-DCCA-483C-8024-D6A42C691547;2023-11-01 03:00:00.000
103982136162810531;78;7E3B0000-BD3C-6045-1D34-08DBEB9D126A;0;Baixa;36.280000000000;7E3B0000-BD3C-6045-5F1C-08DBEB9D1267;FE7484AE-91CA-4CA9-A7AE-38C8252B6876;2023-11-01 03:00:00.000
103982136162810531;92;7E3B0000-BD3C-6045-A93E-08DBEB9CE749;0;CancelamentoAjusteParcela;40.590000000000;7E3B0000-BD3C-6045-C443-08DBEB9CE745;7B00D815-AB3E-436D-BC61-F53EC9A3E803;2023-11-01 03:00:00.000
103982136162810531;92;7E3B0000-BD3C-6045-A94E-08DBEB9CE749;0;Reemissao;40.590000000000;7E3B0000-BD3C-6045-C443-08DBEB9CE745;7B00D815-AB3E-436D-BC61-F53EC9A3E803;2023-11-01 03:00:00.000
103982136162810531;92;559B0000-4836-0022-3319-08DBEB9CF959;0;CancelamentoAjusteParcela;40.590000000000;559B0000-4836-0022-EE3A-08DBEB9CF955;2A5024CF-73A1-48F8-AD0C-40A59B0C48E5;2023-11-01 03:00:00.000
103982136162810531;92;559B0000-4836-0022-3330-08DBEB9CF959;0;Reemissao;40.590000000000;559B0000-4836-0022-EE3A-08DBEB9CF955;2A5024CF-73A1-48F8-AD0C-40A59B0C48E5;2023-11-01 03:00:00.000
103982136162810531;92;7E3B0000-BD3C-6045-4D88-08DBEB9D126D;0;Baixa;40.590000000000;7E3B0000-BD3C-6045-CDC0-08DBEB9D126A;937F352D-BBBB-4103-A29A-A0BF4510D624;2023-11-01 03:00:00.000
103982136162810531;92;7E3B0000-BD3C-6045-5BB9-08DBEB9D126D;0;Baixa;40.590000000000;7E3B0000-BD3C-6045-1484-08DBEB9D126B;BD248937-7B25-4AB3-B12B-817F4AD1C59E;2023-11-01 03:00:00.000
103982136162810531;92;7E3B0000-BD3C-6045-5438-08DBEB9F51DD;0;CancelamentoPorDesapropriacao;40.590000000000;7E3B0000-BD3C-6045-4895-08DBEB9F51DB;F7BD3107-DA1D-40FF-8E14-47BFC6437DA0;2023-11-01 03:00:00.000
103982136162810531;92;7E3B0000-BD3C-6045-5479-08DBEB9F51DD;0;Reemissao;40.590000000000;7E3B0000-BD3C-6045-4895-08DBEB9F51DB;F7BD3107-DA1D-40FF-8E14-47BFC6437DA0;2023-11-01 03:00:00.000
103982136162810531;92;559B0000-4836-0022-6D28-08DBEB9F8156;0;AjusteParcela;40.590000000000;559B0000-4836-0022-9FEF-08DBEB9F8154;3C99E1ED-2416-4C04-8F93-3A83B52DBCF1;2023-11-01 03:00:00.000
103982136162810531;92;7E3B0000-BD3C-6045-02B0-08DBEB9FB3E7;0;CancelamentoAjusteParcela;40.590000000000;7E3B0000-BD3C-6045-71EC-08DBEB9FB3E5;B60FA70C-1752-46B6-AD4F-123BE963E18D;2023-11-01 03:00:00.000
103982136162810531;92;7E3B0000-BD3C-6045-02C1-08DBEB9FB3E7;0;Reemissao;40.590000000000;7E3B0000-BD3C-6045-71EC-08DBEB9FB3E5;B60FA70C-1752-46B6-AD4F-123BE963E18D;2023-11-01 03:00:00.000
103982136162810531;92;7E3B0000-BD3C-6045-868C-08DBEBA02F40;0;Baixa;40.590000000000;7E3B0000-BD3C-6045-B4E1-08DBEBA02F3E;372723D2-6DE3-43D9-8997-6D2C01C46ECE;2023-11-01 03:00:00.000
103982136162810531;78;559B0000-4836-0022-F6F7-08DBEB9C9406;0;CancelamentoPorDesapropriacao;36.280000000000;559B0000-4836-0022-CAFA-08DBEB9C9402;844C2F7D-9216-444D-B438-E2E20C5834F7;2023-11-01 03:00:00.000
10198303215011181;108;559B0000-4836-0022-CB7F-08DBEB9C93FD;0;Reemissao;8.270000000000;559B0000-4836-0022-4C4B-08DBEB9C93F4;86AA528C-7461-4B52-8CAF-BC5E3FB49F3D;2023-11-01 03:00:00.000
10198303215011181;108;559B0000-4836-0022-CB41-08DBEB9C93FD;0;CancelamentoPorDesapropriacao;8.270000000000;559B0000-4836-0022-4C4B-08DBEB9C93F4;86AA528C-7461-4B52-8CAF-BC5E3FB49F3D;2023-11-01 03:00:00.000
111075390211410171;1;559B0000-4836-0022-2393-08DBEB9C93E9;0;Reemissao;42.660000000000;559B0000-4836-0022-8DEB-08DBEB9C93DE;430F5228-91EB-4C86-B8B5-D1EAD30CFAB6;2023-11-01 03:00:00.000
111075390211410171;1;559B0000-4836-0022-2366-08DBEB9C93E9;0;CancelamentoPorDesapropriacao;42.660000000000;559B0000-4836-0022-8DEB-08DBEB9C93DE;430F5228-91EB-4C86-B8B5-D1EAD30CFAB6;2023-11-01 03:00:00.000
111075390211410171;1;559B0000-4836-0022-E1DF-08DBEB9C93E7;0;Reemissao;42.660000000000;559B0000-4836-0022-3311-08DBEB9C93E4;62640C73-34B6-4A9F-BB86-CC0D48FFFEC8;2023-11-01 03:00:00.000
111075390211410171;1;559B0000-4836-0022-E1B0-08DBEB9C93E7;0;CancelamentoPorDesapropriacao;42.660000000000;559B0000-4836-0022-3311-08DBEB9C93E4;62640C73-34B6-4A9F-BB86-CC0D48FFFEC8;2023-11-01 03:00:00.000
103982136162810531;78;7E3B0000-BD3C-6045-2DFF-08DBEB9C81F1;0;Reemissao;36.280000000000;7E3B0000-BD3C-6045-2180-08DBEB9C81EE;3A76AE00-A6B1-4E43-A3F1-8D241A255748;2023-11-01 03:00:00.000
103982136162810531;78;7E3B0000-BD3C-6045-2DC1-08DBEB9C81F1;0;CancelamentoPorDesapropriacao;36.280000000000;7E3B0000-BD3C-6045-2180-08DBEB9C81EE;3A76AE00-A6B1-4E43-A3F1-8D241A255748;2023-11-01 03:00:00.000
103982136162810531;78;7E3B0000-BD3C-6045-225B-08DBEB9C81F1;0;Reemissao;36.280000000000;7E3B0000-BD3C-6045-D170-08DBEB9C81EF;8E108341-E891-4518-BDFC-B48408962DBC;2023-11-01 03:00:00.000
103982136162810531;78;7E3B0000-BD3C-6045-222C-08DBEB9C81F1;0;CancelamentoPorDesapropriacao;36.280000000000;7E3B0000-BD3C-6045-D170-08DBEB9C81EF;8E108341-E891-4518-BDFC-B48408962DBC;2023-11-01 03:00:00.000
10198303215011181;108;7E3B0000-BD3C-6045-BE4C-08DBEB9C81E8;0;Reemissao;8.270000000000;7E3B0000-BD3C-6045-A775-08DBEB9C81DD;ABD32BAB-9B01-4605-BF8D-503D40A7A5E2;2023-11-01 03:00:00.000
10198303215011181;108;7E3B0000-BD3C-6045-BDFA-08DBEB9C81E8;0;CancelamentoPorDesapropriacao;8.270000000000;7E3B0000-BD3C-6045-A775-08DBEB9C81DD;ABD32BAB-9B01-4605-BF8D-503D40A7A5E2;2023-11-01 03:00:00.000
111075390211410171;1;7E3B0000-BD3C-6045-F6B9-08DBEB9C81D2;0;Reemissao;42.660000000000;7E3B0000-BD3C-6045-1412-08DBEB9C81CB;D02BD64C-741A-4CA7-868F-6A140A063AFC;2023-11-01 03:00:00.000
111075390211410171;1;7E3B0000-BD3C-6045-F66C-08DBEB9C81D2;0;CancelamentoPorDesapropriacao;42.660000000000;7E3B0000-BD3C-6045-1412-08DBEB9C81CB;D02BD64C-741A-4CA7-868F-6A140A063AFC;2023-11-01 03:00:00.000
103982136162810531;78;559B0000-4836-0022-AEDD-08DBEAA10717;0;Reemissao;36.280000000000;559B0000-4836-0022-BC35-08DBEAA10715;6EC5CC28-9FE2-4736-A909-11CA711F334E;2023-11-01 03:00:00.000
103982136162810531;78;559B0000-4836-0022-AEB2-08DBEAA10717;0;CancelamentoAjusteParcela;36.280000000000;559B0000-4836-0022-BC35-08DBEAA10715;6EC5CC28-9FE2-4736-A909-11CA711F334E;2023-11-01 03:00:00.000
10198303215011181;108;7E3B0000-BD3C-6045-0FEB-08DBEAA0F9D8;0;Reemissao;8.270000000000;7E3B0000-BD3C-6045-A187-08DBEAA0F9D6;7F3BF762-BA4F-452A-9BB9-529E94B18600;2023-11-01 03:00:00.000
10198303215011181;108;7E3B0000-BD3C-6045-0FDD-08DBEAA0F9D8;0;CancelamentoAjusteParcela;8.270000000000;7E3B0000-BD3C-6045-A187-08DBEAA0F9D6;7F3BF762-BA4F-452A-9BB9-529E94B18600;2023-11-01 03:00:00.000
111075390211410171;1;7E3B0000-BD3C-6045-A9A5-08DBEAA0F9D7;0;Reemissao;42.660000000000;7E3B0000-BD3C-6045-2505-08DBEAA0F9D6;B3095B20-4B6E-4225-A326-50EC072A7731;2023-11-01 03:00:00.000
111075390211410171;1;7E3B0000-BD3C-6045-9896-08DBEAA0F9D7;0;CancelamentoAjusteParcela;42.660000000000;7E3B0000-BD3C-6045-2505-08DBEAA0F9D6;B3095B20-4B6E-4225-A326-50EC072A7731;2023-11-01 03:00:00.000
111075390211410171;1;559B0000-4836-0022-6306-08DBEAA0E2E8;0;AjusteParcela;42.660000000000;559B0000-4836-0022-042A-08DBEAA0E2E1;FC11BE74-561F-45C3-BCB4-CFE1CE2F6A5A;2023-11-01 03:00:00.000
103982136162810531;78;7E3B0000-BD3C-6045-6707-08DBEAA0D598;0;AjusteParcela;36.280000000000;7E3B0000-BD3C-6045-BE14-08DBEAA0D596;D902CF20-3B62-40F5-91B3-8ACA7627C101;2023-11-01 03:00:00.000
103982136162810531;78;559B0000-4836-0022-BDD7-08DBEA9DF479;0;Reemissao;36.280000000000;559B0000-4836-0022-81EA-08DBEA9DF469;5D4289B9-E9B3-4022-8D7C-07E51318E31D;2023-11-01 03:00:00.000
103982136162810531;78;559B0000-4836-0022-BD9B-08DBEA9DF479;0;CancelamentoPorDesapropriacao;36.280000000000;559B0000-4836-0022-81EA-08DBEA9DF469;5D4289B9-E9B3-4022-8D7C-07E51318E31D;2023-11-01 03:00:00.000
111075390211410171;1;559B0000-4836-0022-2586-08DBEA9DF3AC;0;Reemissao;42.660000000000;559B0000-4836-0022-35A7-08DBEA9DF3A1;1E61541B-F5AB-48E9-A01E-41299BEEFA28;2023-11-01 03:00:00.000
111075390211410171;1;559B0000-4836-0022-2547-08DBEA9DF3AC;0;CancelamentoPorDesapropriacao;42.660000000000;559B0000-4836-0022-35A7-08DBEA9DF3A1;1E61541B-F5AB-48E9-A01E-41299BEEFA28;2023-11-01 03:00:00.000
10198303215011181;108;559B0000-4836-0022-2490-08DBEAA0E2EB;0;AjusteParcela;8.270000000000;559B0000-4836-0022-28B2-08DBEAA0E2E3;FC9FB4AE-8B00-41B2-A6E2-1E76875FA9A7;2023-11-01 03:00:00.000
10198303215011181;108;7E3B0000-BD3C-6045-1454-08DBEA9DE6C7;0;Reemissao;8.270000000000;7E3B0000-BD3C-6045-5FC3-08DBEA9DE6B8;52AF88AB-E9CE-4F14-86DC-E9331E5DB6A8;2023-11-01 03:00:00.000
10198303215011181;108;7E3B0000-BD3C-6045-13F2-08DBEA9DE6C7;0;CancelamentoPorDesapropriacao;8.270000000000;7E3B0000-BD3C-6045-5FC3-08DBEA9DE6B8;52AF88AB-E9CE-4F14-86DC-E9331E5DB6A8;2023-11-01 03:00:00.000
110102727240610021;10;7E3B0000-BD3C-6045-819B-08DBEBA0D729;0;Baixa;24.240000000000;7E3B0000-BD3C-6045-601A-08DBEBA0D727;7C11B03D-C5B8-4424-B626-30E3C68690DD;2023-11-08 03:00:00.000
110102727240610021;10;559B0000-4836-0022-E0D8-08DBEBA0BB2C;0;Reemissao;24.240000000000;559B0000-4836-0022-1209-08DBEBA0BB2B;6BBD5651-905B-4C07-90EA-9D126D70D25D;2023-11-08 03:00:00.000
110102727240610021;10;559B0000-4836-0022-E0C5-08DBEBA0BB2C;0;CancelamentoAjusteParcela;24.240000000000;559B0000-4836-0022-1209-08DBEBA0BB2B;6BBD5651-905B-4C07-90EA-9D126D70D25D;2023-11-08 03:00:00.000
110102727240610021;10;7E3B0000-BD3C-6045-E410-08DBEBA098A5;0;AjusteParcela;24.240000000000;7E3B0000-BD3C-6045-74C6-08DBEBA098A4;2FE629EE-1E96-4D25-9CB6-9312C7E74484;2023-11-08 03:00:00.000
110102727240610021;10;559B0000-4836-0022-9180-08DBEBA08552;0;Reemissao;24.240000000000;559B0000-4836-0022-1EBB-08DBEBA0854A;F076D038-4BBD-4BA0-83F5-A158BF32B52B;2023-11-08 03:00:00.000
110102727240610021;10;559B0000-4836-0022-9146-08DBEBA08552;0;CancelamentoPorDesapropriacao;24.240000000000;559B0000-4836-0022-1EBB-08DBEBA0854A;F076D038-4BBD-4BA0-83F5-A158BF32B52B;2023-11-08 03:00:00.000
103982136162810531;92;7E3B0000-BD3C-6045-DB32-08DBEAD6F09B;0;Baixa;40.590000000000;7E3B0000-BD3C-6045-7C02-08DBEAD6F08D;8448FCF8-6673-4A96-9748-297D572D15FF;2023-11-01 03:00:00.000
112351328168710411;2;559B0000-4836-0022-BD47-08DBE79B034E;0;Baixa;7.120000000000;559B0000-4836-0022-4F5A-08DBE79B02AE;6C120000-BD3C-6045-CF34-08DBE4AA029C;2023-11-13 21:25:42.150
112351328168710411;2;559B0000-4836-0022-BF7C-08DBE79B034E;0;CancelamentoParcela;7.160000000000;559B0000-4836-0022-4F5A-08DBE79B02AE;6C120000-BD3C-6045-CF34-08DBE4AA029C;2023-11-13 21:25:42.150
112351328168710411;2;559B0000-4836-0022-BF97-08DBE79B034E;0;Reemissao;7.120000000000;559B0000-4836-0022-4F5A-08DBE79B02AE;6C120000-BD3C-6045-CF34-08DBE4AA029C;2023-11-13 21:25:42.150
10329698516901401;111;7E3B0000-BD3C-6045-CD77-08DBE79B010F;0;Baixa;51.630000000000;7E3B0000-BD3C-6045-F96F-08DBE79AFDFE;6C120000-BD3C-6045-9C10-08DBE4AA043F;2023-11-13 21:25:42.977
10329698516901401;111;7E3B0000-BD3C-6045-CF61-08DBE79B010F;0;CancelamentoParcela;43.450000000000;7E3B0000-BD3C-6045-F96F-08DBE79AFDFE;6C120000-BD3C-6045-9C10-08DBE4AA043F;2023-11-13 21:25:42.977
10329698516901401;111;7E3B0000-BD3C-6045-CF7F-08DBE79B010F;0;Reemissao;51.630000000000;7E3B0000-BD3C-6045-F96F-08DBE79AFDFE;6C120000-BD3C-6045-9C10-08DBE4AA043F;2023-11-13 21:25:42.977
10380925416871411;105;7E3B0000-BD3C-6045-C1AE-08DBE7760847;0;Baixa;71.060000000000;7E3B0000-BD3C-6045-4649-08DBE7760842;E0050000-4836-0022-3464-08DBE4ABAED3;2023-11-13 21:39:55.260
10380925416871411;105;7E3B0000-BD3C-6045-C344-08DBE7760847;0;CancelamentoParcela;68.040000000000;7E3B0000-BD3C-6045-4649-08DBE7760842;E0050000-4836-0022-3464-08DBE4ABAED3;2023-11-13 21:39:55.260
10380925416871411;105;7E3B0000-BD3C-6045-C359-08DBE7760847;0;Reemissao;71.060000000000;7E3B0000-BD3C-6045-4649-08DBE7760842;E0050000-4836-0022-3464-08DBE4ABAED3;2023-11-13 21:39:55.260
10330237916901401;106;7E3B0000-BD3C-6045-A066-08DBE7754BCA;0;Baixa;14.620000000000;7E3B0000-BD3C-6045-1A1D-08DBE7754BC5;6C120000-BD3C-6045-EC4C-08DBE4AA20A8;2023-11-13 21:26:38.873
10330237916901401;106;7E3B0000-BD3C-6045-A1D6-08DBE7754BCA;0;CancelamentoParcela;10.180000000000;7E3B0000-BD3C-6045-1A1D-08DBE7754BC5;6C120000-BD3C-6045-EC4C-08DBE4AA20A8;2023-11-13 21:26:38.873
10330237916901401;106;7E3B0000-BD3C-6045-A1FA-08DBE7754BCA;0;Reemissao;14.620000000000;7E3B0000-BD3C-6045-1A1D-08DBE7754BC5;6C120000-BD3C-6045-EC4C-08DBE4AA20A8;2023-11-13 21:26:38.873
10329955016901401;111;7E3B0000-BD3C-6045-AFD7-08DBE77513AB;0;Baixa;111.020000000000;7E3B0000-BD3C-6045-59C6-08DBE77513A8;E0050000-4836-0022-7493-08DBE4A9E8AC;2023-11-13 21:24:26.553
10329955016901401;111;7E3B0000-BD3C-6045-B165-08DBE77513AB;0;CancelamentoParcela;103.020000000000;7E3B0000-BD3C-6045-59C6-08DBE77513A8;E0050000-4836-0022-7493-08DBE4A9E8AC;2023-11-13 21:24:26.553
10329955016901401;111;7E3B0000-BD3C-6045-B179-08DBE77513AB;0;Reemissao;111.020000000000;7E3B0000-BD3C-6045-59C6-08DBE77513A8;E0050000-4836-0022-7493-08DBE4A9E8AC;2023-11-13 21:24:26.553
10329734816901401;111;7E3B0000-BD3C-6045-F3B2-08DBE774F06F;0;Baixa;65.950000000000;7E3B0000-BD3C-6045-B652-08DBE774F05B;E0050000-4836-0022-417B-08DBE4A9C7ED;2023-11-13 21:22:59.647
10329734816901401;111;7E3B0000-BD3C-6045-F52B-08DBE774F06F;0;CancelamentoParcela;62.220000000000;7E3B0000-BD3C-6045-B652-08DBE774F05B;E0050000-4836-0022-417B-08DBE4A9C7ED;2023-11-13 21:22:59.647
10329734816901401;111;7E3B0000-BD3C-6045-F53D-08DBE774F06F;0;Reemissao;65.950000000000;7E3B0000-BD3C-6045-B652-08DBE774F05B;E0050000-4836-0022-417B-08DBE4A9C7ED;2023-11-13 21:22:59.647
104704980169010401;92;7E3B0000-BD3C-6045-477E-08DBE79B46CF;0;Baixa;7.720000000000;7E3B0000-BD3C-6045-5C67-08DBE79B44C1;E0050000-4836-0022-42FF-08DBE4ABEDE6;2023-11-13 21:42:20.827
104704980169010401;92;7E3B0000-BD3C-6045-4A6D-08DBE79B46CF;0;CancelamentoParcela;7.770000000000;7E3B0000-BD3C-6045-5C67-08DBE79B44C1;E0050000-4836-0022-42FF-08DBE4ABEDE6;2023-11-13 21:42:20.827
104704980169010401;92;7E3B0000-BD3C-6045-4A87-08DBE79B46CF;0;Reemissao;7.720000000000;7E3B0000-BD3C-6045-5C67-08DBE79B44C1;E0050000-4836-0022-42FF-08DBE4ABEDE6;2023-11-13 21:42:20.827
10381490216871411;100;7E3B0000-BD3C-6045-5B06-08DBE774EE2B;0;Baixa;37.630000000000;7E3B0000-BD3C-6045-8D6B-08DBE774EDDA;E0050300-4836-0022-C248-08DBE4A9C41F;2023-11-13 21:22:58.957
10381490216871411;100;7E3B0000-BD3C-6045-5C8E-08DBE774EE2B;0;CancelamentoParcela;34.200000000000;7E3B0000-BD3C-6045-8D6B-08DBE774EDDA;E0050300-4836-0022-C248-08DBE4A9C41F;2023-11-13 21:22:58.957
10381490216871411;100;7E3B0000-BD3C-6045-5CA6-08DBE774EE2B;0;Reemissao;37.630000000000;7E3B0000-BD3C-6045-8D6B-08DBE774EDDA;E0050300-4836-0022-C248-08DBE4A9C41F;2023-11-13 21:22:58.957
111075390211410171;1;559B0000-4836-0022-5001-08DBEAD700EC;0;Baixa;42.660000000000;559B0000-4836-0022-6890-08DBEAD700DD;5093253B-6AEC-4071-89EC-BA40139B102E;2023-11-01 03:00:00.000
103982136162810531;78;7E3B0000-BD3C-6045-3602-08DBEAD6F2A4;0;Baixa;36.280000000000;7E3B0000-BD3C-6045-A656-08DBEAD6F29C;F1150214-0DCC-4014-A19E-8AAEE90F1E11;2023-11-01 03:00:00.000
10198303215011181;108;7E3B0000-BD3C-6045-E10B-08DBEAD6F063;0;Baixa;8.270000000000;7E3B0000-BD3C-6045-E947-08DBEAD6F04C;6D6913AD-CB48-44FC-8D4E-1861D65230EF;2023-11-01 03:00:00.000
103982136162810531;92;559B0000-4836-0022-50CB-08DBE7B0F7D6;0;Baixa;40.590000000000;559B0000-4836-0022-6781-08DBE7B0F7CF;980C0000-BD3C-6045-FA36-08DBD16F21F6;2023-11-17 21:05:29.000
111075390211410171;1;7E3B0000-BD3C-6045-C655-08DBE7B0F5D4;0;Baixa;42.660000000000;7E3B0000-BD3C-6045-40EE-08DBE7B0F5CF;400D0100-BD3C-6045-034A-08DBCBEF01A7;2023-11-17 21:05:29.000
10329713516901401;111;559B0000-4836-0022-8D90-08DBE79D30CB;0;Baixa;141.440000000000;559B0000-4836-0022-98F3-08DBE79D306F;E0050000-4836-0022-CBC5-08DBE4A99746;2023-11-13 21:20:38.907
10329713516901401;111;559B0000-4836-0022-8F39-08DBE79D30CB;0;CancelamentoParcela;141.570000000000;559B0000-4836-0022-98F3-08DBE79D306F;E0050000-4836-0022-CBC5-08DBE4A99746;2023-11-13 21:20:38.907
10329713516901401;111;559B0000-4836-0022-8F89-08DBE79D30CB;0;Reemissao;141.440000000000;559B0000-4836-0022-98F3-08DBE79D306F;E0050000-4836-0022-CBC5-08DBE4A99746;2023-11-13 21:20:38.907
103817619169010401;96;559B0000-4836-0022-5ABE-08DBE79B35BB;0;Baixa;5.290000000000;559B0000-4836-0022-FCAC-08DBE79B34F3;6C120000-BD3C-6045-508D-08DBE4ABA12C;2023-11-13 21:38:50.417
103817619169010401;96;559B0000-4836-0022-5BF6-08DBE79B35BB;0;CancelamentoParcela;5.370000000000;559B0000-4836-0022-FCAC-08DBE79B34F3;6C120000-BD3C-6045-508D-08DBE4ABA12C;2023-11-13 21:38:50.417
103817619169010401;96;559B0000-4836-0022-5C06-08DBE79B35BB;0;Reemissao;5.290000000000;559B0000-4836-0022-FCAC-08DBE79B34F3;6C120000-BD3C-6045-508D-08DBE4ABA12C;2023-11-13 21:38:50.417
103817619169010401;96;7E3B0000-BD3C-6045-6BF1-08DBDD14C267;0;Reemissao;5.370000000000;7E3B0000-BD3C-6045-215C-08DBDD14C259;236737E7-CCBE-4E8E-BFE1-ED6A2368E28B;2023-11-04 08:55:24.253
10330237916901401;106;7E3B0000-BD3C-6045-D3BD-08DBDD1098CA;0;Reemissao;10.180000000000;7E3B0000-BD3C-6045-C6E3-08DBDD1098A9;5F74F43D-5695-4CD9-AE7C-8D6A71E8ECB7;2023-11-04 08:19:33.057
103817619169010401;96;7E3B0000-BD3C-6045-8FD2-08DBDCE74391;0;CancelamentoPorInativacao;5.370000000000;7E3B0000-BD3C-6045-8F6B-08DBDCE74385;5A1624A0-C12D-4309-BD7D-F13E539C66CC;2023-11-03 00:00:00.000
10330237916901401;106;559B0000-4836-0022-A6CD-08DBDCE5DAAE;0;CancelamentoPorInativacao;10.180000000000;559B0000-4836-0022-772C-08DBDCE5D776;C5762C52-010A-4364-9D0D-517721FD61F7;2023-11-03 00:00:00.000
10329713516901401;111;7E3B0000-BD3C-6045-C943-08DBDCDA934E;0;CancelamentoPorInativacao;141.570000000000;7E3B0000-BD3C-6045-5B5E-08DBDCDA92B4;99D1FD14-2762-40B5-A7C3-830E1BC6F960;2023-11-03 00:00:00.000
10329734816901401;111;7E3B0000-BD3C-6045-5919-08DBDCDA778B;0;CancelamentoPorInativacao;62.220000000000;7E3B0000-BD3C-6045-00EA-08DBDCDA76EE;2020335A-CB1E-48D0-8EA4-53BEE5093BED;2023-11-03 00:00:00.000
10380925416871411;105;7E3B0000-BD3C-6045-E652-08DBDCDA083E;0;CancelamentoPorInativacao;68.040000000000;7E3B0000-BD3C-6045-C764-08DBDCDA080F;8A7F85B3-997B-4B6B-9D2A-0A8CB39A7820;2023-11-03 00:00:00.000
10329698516901401;111;7E3B0000-BD3C-6045-594E-08DBDCD9F4E3;0;CancelamentoPorInativacao;43.450000000000;7E3B0000-BD3C-6045-B6F1-08DBDCD9F4D5;3EF53B46-F4AF-45D9-A88D-EC514A7CB5B0;2023-11-03 00:00:00.000
10329955016901401;111;7E3B0000-BD3C-6045-2346-08DBDCD9DBCE;0;CancelamentoPorInativacao;103.020000000000;7E3B0000-BD3C-6045-B46D-08DBDCD9DB7A;CE353800-7F73-4AD2-8C6D-E422C46C79FA;2023-11-03 00:00:00.000
112351328168710411;2;559B0000-4836-0022-96A6-08DBDBC73F56;0;Emissao;7.160000000000;559B0000-4836-0022-4E69-08DBDBC73F55;0B4B503D-46B0-410E-B629-97CE3515EC42;2023-11-02 00:00:00.000
112343004180110361;1;7E3B0000-BD3C-6045-23DA-08DBDADCCD03;0;Baixa;100.000000000000;7E3B0000-BD3C-6045-CF59-08DBDADCCCF7;900D0000-BD3C-6045-8D41-08DBDADCCEEA;2023-11-01 10:04:46.650
103817619169010401;96;41C80000-3A89-000D-D70B-08DBC2246B28;0;Reemissao;5.370000000000;41C80000-3A89-000D-CED2-08DBC2246B1D;47FA8100-4316-4C6B-B8C3-0DCFFCF6822E;2023-10-01 02:05:04.350
10330237916901401;106;41C80000-3A89-000D-2894-08DBC222BC35;0;Reemissao;10.180000000000;41C80000-3A89-000D-D348-08DBC222BC1C;2C3067D5-68AA-4172-BD5D-26804C8C4EBC;2023-10-01 01:33:39.000
10329734816901401;111;41C80000-3A89-000D-48DD-08DBC221EF59;0;Reemissao;62.220000000000;41C80000-3A89-000D-6A76-08DBC221EF52;8260DD5E-6709-422B-BAF6-606AC931DCBF;2023-10-01 01:12:35.157
10380925416871411;105;41C80000-3A89-000D-C40A-08DBC221B689;0;Reemissao;68.040000000000;41C80000-3A89-000D-B400-08DBC221B67C;422A282A-E091-4B73-8602-91DDD6EE09ED;2023-10-01 01:07:01.650
10329698516901401;111;41C80000-3A89-000D-7702-08DBC221A035;0;Reemissao;43.450000000000;41C80000-3A89-000D-26BA-08DBC221A030;9502F253-9FCA-43D5-AE78-3382099E6D33;2023-10-01 01:04:47.240
10329955016901401;111;41C80000-3A89-000D-7C71-08DBC2217D1E;0;Reemissao;103.020000000000;41C80000-3A89-000D-8CA6-08DBC2217D07;0E8DD60C-EC9C-4EA3-9BF6-C00233C77332;2023-10-01 01:01:17.090
103817619169010401;96;41C80000-3A89-000D-0D86-08DBC205110B;0;CancelamentoPorInativacao;5.370000000000;41C80000-3A89-000D-A22F-08DBC20510F9;FB506010-172C-4506-8995-1A5E9B54248D;2023-09-30 00:00:00.000
10330237916901401;106;41C80000-3A89-000D-3E7A-08DBC2015DA1;0;CancelamentoPorInativacao;10.180000000000;41C80000-3A89-000D-BADF-08DBC2015D89;857F9844-CE55-42C5-B213-B5BBD71BC5DD;2023-09-30 00:00:00.000
10329734816901401;111;41C80000-3A89-000D-C613-08DBC1FF52FD;0;CancelamentoPorInativacao;62.220000000000;41C80000-3A89-000D-E50A-08DBC1FF52F1;A339589C-5EEB-4FA5-A75D-5E6082C254D9;2023-09-30 00:00:00.000
10380925416871411;105;41C80000-3A89-000D-469C-08DBC1FF1FBD;0;CancelamentoPorInativacao;68.040000000000;41C80000-3A89-000D-5961-08DBC1FF1F80;36D772E4-CD60-4AEA-B135-3D041CC11E12;2023-09-30 00:00:00.000
10329698516901401;111;41C80000-3A89-000D-7B3B-08DBC1FF0CF2;0;CancelamentoPorInativacao;43.450000000000;41C80000-3A89-000D-E942-08DBC1FF0CE1;D784B309-3F79-4C0F-8834-DA1E9FC14565;2023-09-30 00:00:00.000
10329955016901401;111;41C80000-3A89-000D-3C74-08DBC1FEEE3E;0;CancelamentoPorInativacao;103.020000000000;41C80000-3A89-000D-85C9-08DBC1FEEDFE;7630CFF1-7B13-4825-81CD-01752ABE9306;2023-09-30 00:00:00.000
103817619169010401;96;41C80000-3A89-000D-7A45-08DBAFCC4655;0;Reemissao;5.370000000000;41C80000-3A89-000D-DDD8-08DBAFCC4646;E209C2FB-CCF6-4EFA-A16F-6555630F131E;2023-09-07 17:45:34.057
10330237916901401;106;41C80000-3A89-000D-09F9-08DBAFC82307;0;Reemissao;10.180000000000;41C80000-3A89-000D-FB6E-08DBAFC822EF;3B8B8C21-F383-4FD2-9983-994F3C214990;2023-09-07 17:15:50.263
10329713516901401;111;41C80000-3A89-000D-1575-08DBAFC4E119;0;Reemissao;141.570000000000;41C80000-3A89-000D-D82C-08DBAFC4E100;90BACEEE-8255-40EB-A660-C583D315D2B7;2023-09-07 16:55:58.327
10329734816901401;111;41C80000-3A89-000D-AFB9-08DBAFC4E00F;0;Reemissao;62.220000000000;41C80000-3A89-000D-2922-08DBAFC4DFE7;473521FA-287C-4E26-90FE-54901B3BD31E;2023-09-07 16:55:45.480
10380925416871411;105;41C80000-3A89-000D-801C-08DBAFC4CAD7;0;Reemissao;68.040000000000;41C80000-3A89-000D-09F4-08DBAFC4CAB0;69E59341-9898-41C0-A11B-8FABA5B84F1C;2023-09-07 16:50:43.100
10329698516901401;111;41C80000-3A89-000D-5EFF-08DBAFC4C3B6;0;Reemissao;43.450000000000;41C80000-3A89-000D-20FF-08DBAFC4C3AC;56A41210-A7E8-49C7-B616-97DE70BED510;2023-09-07 16:48:31.883
10329955016901401;111;41C80000-3A89-000D-4F11-08DBAFC4B524;0;Reemissao;103.020000000000;41C80000-3A89-000D-566A-08DBAFC4B4FB;5D3CB23C-EB42-4AF2-93C0-DD183282781E;2023-09-07 16:45:02.030
103817619169010401;96;41C80000-3A89-000D-9590-08DBAF7455A2;0;CancelamentoPorInativacao;5.370000000000;41C80000-3A89-000D-049D-08DBAF745590;C48A6419-CA3C-4AB3-B207-C9534C8FD926;2023-09-07 00:00:00.000
10330237916901401;106;41C80000-3A89-000D-FE97-08DBAF61A455;0;CancelamentoPorInativacao;10.180000000000;41C80000-3A89-000D-65BD-08DBAF61A42F;576F1364-9005-40C5-AC56-86EBAD1A25CF;2023-09-07 00:00:00.000
10329713516901401;111;41C80000-3A89-000D-2309-08DBAF56FCBB;0;CancelamentoPorInativacao;141.570000000000;41C80000-3A89-000D-01C8-08DBAF56FC72;E43411F0-2EE0-4044-9C39-013B034CB270;2023-09-07 00:00:00.000
10329734816901401;111;41C80000-3A89-000D-10B7-08DBAF56FB3C;0;CancelamentoPorInativacao;62.220000000000;41C80000-3A89-000D-9A9B-08DBAF56FB1D;29D5A529-1B86-4027-BE58-16438CFC8057;2023-09-07 00:00:00.000
10380925416871411;105;41C80000-3A89-000D-57FC-08DBAF54E2E5;0;CancelamentoPorInativacao;68.040000000000;41C80000-3A89-000D-0D9B-08DBAF54E2C4;F37426A9-28A4-48FE-827C-6C5A8E961B35;2023-09-07 00:00:00.000
10329698516901401;111;41C80000-3A89-000D-A7DA-08DBAF54CEDD;0;CancelamentoPorInativacao;43.450000000000;41C80000-3A89-000D-3904-08DBAF54CECD;7FB635E7-EBC9-43FC-AE2F-FE5410C95906;2023-09-07 00:00:00.000
10329955016901401;111;41C80000-3A89-000D-940F-08DBAF52D0E0;0;CancelamentoPorInativacao;103.020000000000;41C80000-3A89-000D-C071-08DBAF52D055;0FF676B3-5332-4E70-8B01-FACB671339F2;2023-09-07 00:00:00.000
103817619169010401;96;41C80000-3A89-000D-F813-08DBAB0B02FB;0;Emissao;5.370000000000;41C80000-3A89-000D-3561-08DBAB0B02F9;152C2E8E-9CA4-40FD-8F18-534BF18C478B;2023-09-01 00:00:00.000
10380925416871411;105;41C80000-3A89-000D-045C-08DBAB0A3C28;0;Emissao;68.040000000000;41C80000-3A89-000D-F264-08DBAB0A3C23;572F9B4E-5BDF-4586-80F2-612A21F2BA91;2023-09-01 00:00:00.000
10330237916901401;106;41C80000-3A89-000D-2E73-08DBAB0A171C;0;Emissao;10.180000000000;41C80000-3A89-000D-2F75-08DBAB0A1718;9DD6A2CB-D814-4352-8D03-8ECA231D0441;2023-09-01 00:00:00.000
10329955016901401;111;41C80000-3A89-000D-1AA8-08DBAB09E692;0;Emissao;103.020000000000;41C80000-3A89-000D-16EA-08DBAB09E68D;E4F08B78-6945-4D6C-91EE-A63E026FC539;2023-09-01 00:00:00.000
10329734816901401;111;41C80000-3A89-000D-7573-08DBAB09A1A4;0;Emissao;62.220000000000;41C80000-3A89-000D-8592-08DBAB09A1A0;CBE2C919-4768-4CCB-83C1-7D838A491409;2023-09-01 00:00:00.000
10329698516901401;111;41C80000-3A89-000D-E84F-08DBAB09956D;0;Emissao;43.450000000000;41C80000-3A89-000D-54E4-08DBAB099567;97A7CD64-31A9-4CFC-88D7-15847C678A00;2023-09-01 00:00:00.000
102891559158120021;92;4DAE0000-569C-0050-CCB1-08DB263B2217;0;Emissao;12.910000000000;4DAE0000-569C-0050-7091-08DB263B2216;5153F6ED-DCA6-49EE-8E21-261C35D09F97;2023-03-16 00:00:00.000
102891559158110091;92;D08E0000-569C-0050-4AB2-08DB263B23FA;0;Emissao;623.740000000000;D08E0000-569C-0050-380D-08DB263B23F9;16793C94-6610-4227-AE7C-38675ECFEFC3;2023-03-16 00:00:00.000
102891559158110091;92;7E3B0000-BD3C-6045-5946-08DBE7B96E04;0;Baixa;623.740000000000;7E3B0000-BD3C-6045-F240-08DBE7B96DFB;900D0000-BD3C-6045-B0CE-08DBE1956C0E;2023-11-09 23:27:29.767
104704980169010401;92;41C80000-3A89-000D-A9FF-08DBAF80DE91;0;CancelamentoPorInativacao;7.770000000000;41C80000-3A89-000D-7408-08DBAF80DE81;5C91CFE3-C896-4023-8116-7147828CB720;2023-09-07 00:00:00.000
104704980169010401;92;41C80000-3A89-000D-6413-08DBAFCE9FDC;0;Reemissao;7.770000000000;41C80000-3A89-000D-C7C4-08DBAFCE9FCD;F5026FF0-1AB1-4F49-ABBC-795B3ABCE3D2;2023-09-07 18:07:44.620
104704980169010401;92;41C80000-3A89-000D-573E-08DBC2073490;0;CancelamentoPorInativacao;7.770000000000;41C80000-3A89-000D-6118-08DBC2073484;8ADA827B-6892-4183-BC6E-D2DBD43BA46E;2023-09-30 00:00:00.000
104704980169010401;92;41C80000-3A89-000D-FBB1-08DBC226DDE5;0;Reemissao;7.770000000000;41C80000-3A89-000D-F887-08DBC226DDDB;65DB1882-B7F2-4C57-82F4-35C80BAD8613;2023-10-01 02:29:17.440
104704980169010401;92;559B0000-4836-0022-7EFB-08DBDCE7B0F5;0;CancelamentoPorInativacao;7.770000000000;559B0000-4836-0022-51BD-08DBDCE7B0DF;2C1F1211-9B37-4D20-826C-15E5A4843BBC;2023-11-03 00:00:00.000
104704980169010401;92;7E3B0000-BD3C-6045-75DD-08DBDD18E3E5;0;Reemissao;7.770000000000;7E3B0000-BD3C-6045-CA71-08DBDD18E3C9;E5E5D085-C45E-4D59-BCB0-7FA43014FFEB;2023-11-04 09:23:47.847
102891559158130181;92;AEA90000-569C-0050-24B8-08DB263B1705;0;Emissao;25.830000000000;AEA90000-569C-0050-1C46-08DB263B1704;5386EAF4-07E5-4B2D-8D83-B3C5190C2CD9;2023-03-16 00:00:00.000
10381490216871411;100;41C80000-3A89-000D-75AF-08DBAB0A98A1;0;Emissao;34.200000000000;41C80000-3A89-000D-427D-08DBAB0A989D;D2EC698D-ED3E-4E0F-BD06-F5B2522A1E37;2023-09-01 00:00:00.000
10381490216871411;100;41C80000-3A89-000D-B1FB-08DBAF6B3208;0;CancelamentoPorInativacao;34.200000000000;41C80000-3A89-000D-5AB9-08DBAF6B31A5;1560533D-34DA-49E8-86F4-EEFBA71DA2A5;2023-09-07 00:00:00.000
10381490216871411;100;41C80000-3A89-000D-6F5C-08DBAFC88B90;0;Reemissao;34.200000000000;41C80000-3A89-000D-065A-08DBAFC88B7D;1C7D5630-5C35-4B47-9D75-D6EB7213A28A;2023-09-07 17:27:07.627
10381490216871411;100;41C80000-3A89-000D-21C1-08DBC2030D6C;0;CancelamentoPorInativacao;34.200000000000;41C80000-3A89-000D-EB55-08DBC2030D53;DA0584C0-EEFE-409D-9A4A-D76031C022EA;2023-09-30 00:00:00.000
10381490216871411;100;41C80000-3A89-000D-3FB1-08DBC2232D10;0;Reemissao;34.200000000000;41C80000-3A89-000D-F3FF-08DBC2232CFA;C802F9FE-D629-404F-A1D7-9CB4FC6E5F28;2023-10-01 01:45:49.457
10381490216871411;100;7E3B0000-BD3C-6045-C0C4-08DBDCE6BD03;0;CancelamentoPorInativacao;34.200000000000;7E3B0000-BD3C-6045-0CA2-08DBDCE6BCD6;629B3CE7-B4AE-47DD-AB4C-A2CE306A452F;2023-11-03 00:00:00.000
10381490216871411;100;559B0000-4836-0022-204F-08DBDD12771F;0;Reemissao;34.200000000000;559B0000-4836-0022-09CB-08DBDD127705;3B56E552-AE1C-4AB3-B436-A17F1361AF07;2023-11-04 08:32:40.223
110102727240610021;10;559B0000-4836-0022-9991-08DBE7B96CF4;0;Baixa;24.240000000000;559B0000-4836-0022-5E2E-08DBE7B96CE8;900D0000-BD3C-6045-FE6E-08DBE05EFFC8;2023-11-08 10:15:47.377
10198303215011181;108;559B0000-4836-0022-29E1-08DBE7B0F8BC;0;Baixa;8.270000000000;559B0000-4836-0022-39FC-08DBE7B0F8B6;980C0200-BD3C-6045-3B0F-08DBD3CC7DE0;2023-11-17 21:05:29.000
102891559158120021;92;559B0000-4836-0022-3486-08DBE7B96D0C;0;Baixa;12.910000000000;559B0000-4836-0022-A2E1-08DBE7B96CFD;900D0000-BD3C-6045-BA3E-08DBE1956BFD;2023-11-09 23:27:29.767
103982136162810531;78;559B0000-4836-0022-E037-08DBE7B0F963;0;Baixa;36.280000000000;559B0000-4836-0022-382E-08DBE7B0F962;980C0000-BD3C-6045-DE15-08DBD16F220D;2023-11-17 21:05:29.000
10329713516901401;111;41C80000-3A89-000D-295B-08DBC221F1E8;0;Reemissao;141.570000000000;41C80000-3A89-000D-E989-08DBC221F1DD;D49A1EB2-00D5-4E02-A764-360353712F37;2023-10-01 01:12:48.667
10329713516901401;111;41C80000-3A89-000D-9751-08DBC1FF53D1;0;CancelamentoPorInativacao;141.570000000000;41C80000-3A89-000D-45AA-08DBC1FF53C3;EE0B83A6-2969-4EBD-AA80-705051D3695A;2023-09-30 00:00:00.000
10329713516901401;111;41C80000-3A89-000D-1E92-08DBAB09A208;0;Emissao;141.570000000000;41C80000-3A89-000D-64FA-08DBAB09A202;9301E81E-FE81-4B50-ADD7-C2B05FBE5657;2023-09-01 00:00:00.000
102891559158130181;92;7E3B0000-BD3C-6045-1FD1-08DBE7B96E0A;0;Baixa;25.830000000000;7E3B0000-BD3C-6045-C5A1-08DBE7B96DFD;900D0300-BD3C-6045-0BB9-08DBE1956BF3;2023-11-09 23:27:29.767
10329734816901401;111;559B0000-4836-0022-15C4-08DBDD0E2805;0;Reemissao;62.220000000000;559B0000-4836-0022-6DF6-08DBDD0E27F7;E98BF823-FF88-4B7F-BCEA-E25BFCB806BF;2023-11-04 07:55:57.573
10380925416871411;105;559B0000-4836-0022-3CA8-08DBDD0DC75D;0;Reemissao;68.040000000000;559B0000-4836-0022-EAE9-08DBDD0DC728;183BF4CA-3F11-4E4E-91B0-5FA9CF11441C;2023-11-04 07:48:36.530
10329698516901401;111;7E3B0000-BD3C-6045-6EC8-08DBDD0D4800;0;Reemissao;43.450000000000;7E3B0000-BD3C-6045-A371-08DBDD0D47EB;A31C8E59-74F4-4CFA-A093-F9DC2DD07089;2023-11-04 07:46:00.160
10329955016901401;111;559B0000-4836-0022-9BB8-08DBDD0AAC94;0;Reemissao;103.020000000000;559B0000-4836-0022-1B7D-08DBDD0AAC67;E868C37F-9B28-48BE-A90B-8BAF60B0E328;2023-11-04 07:41:54.500
112343004180110361;1;7E3B0000-BD3C-6045-07FF-08DBCF5C7AEE;0;Emissao;100.000000000000;7E3B0000-BD3C-6045-DBA6-08DBCF5C7AEA;846EE301-DAB7-4ACA-A0D9-154BB32E821C;2023-10-13 00:00:00.000
103982136162810531;92;4DAE0000-569C-0050-2407-08DB1B3A638F;0;Emissao;40.590000000000;4DAE0000-569C-0050-8BFB-08DB1B3A638C;6DA42922-C079-483B-85D4-BC24422D933C;2023-03-02 00:00:00.000
110102727240610021;10;D08E0000-569C-0050-68FB-08DAABB25E49;0;Emissao;24.240000000000;D08E0000-569C-0050-BD56-08DAABB25E48;24E5FD75-6547-4063-94A1-A60D4B15DDD5;2022-10-11 00:00:00.000
111075390211410171;1;D08E0000-569C-0050-D1DF-08DAA7BF96AA;0;Emissao;42.660000000000;D08E0000-569C-0050-F375-08DAA7BF96A9;5E58F157-1D3B-482A-A6F6-572485D0BAAD;2022-10-06 00:00:00.000
104704980169010401;92;41C80000-3A89-000D-2998-08DBAB0CFA12;0;Emissao;7.770000000000;41C80000-3A89-000D-D833-08DBAB0CFA09;EE888AE1-C44B-4449-B412-7465BCD934B4;2023-09-01 00:00:00.000
10329713516901401;111;7E3B0000-BD3C-6045-7737-08DBDD0E2936;0;Reemissao;141.570000000000;7E3B0000-BD3C-6045-F4E1-08DBDD0E292B;B4E2EC7B-42F7-442D-9E02-C06321F79C77;2023-11-04 07:56:12.377
103982136162810531;78;AEA90000-569C-0050-2B88-08D9CE0C7913;0;Emissao;36.280000000000;AEA90000-569C-0050-39DF-08D9CE0C7912;ECE84395-ABAE-4EDC-B276-4D2859FEA3AE;2022-01-02 00:00:00.000
10198303215011181;108;93700000-569C-0050-DCF0-08D8FD05E60A;0;Emissao;8.270000000000;93700000-569C-0050-EEC1-08D8FD05E609;1610E1FD-DFF8-4103-9856-017143AB4CD1;2021-04-11 00:00:00.000
10198303215011181;108;7E3B0000-BD3C-6045-555B-08DBEB9D126C;0;Baixa;8.270000000000;7E3B0000-BD3C-6045-B5F3-08DBEB9D1269;E166E511-7370-4BD4-8054-96BBC2F30611;2023-11-01 03:00:00.000
111075390211410171;1;559B0000-4836-0022-E6D7-08DBEB9D2478;0;Baixa;42.660000000000;559B0000-4836-0022-E644-08DBEB9D2476;3E97DA0E-DC4B-43F4-87F1-096F6679D565;2023-11-01 03:00:00.000
111075390211410171;1;559B0000-4836-0022-5E4A-08DBEB9D2479;0;Baixa;42.660000000000;559B0000-4836-0022-0A48-08DBEB9D2477;18386B8E-37A3-4FE5-82E7-6F932DAF2FFB;2023-11-01 03:00:00.000
103982136162810531;78;559B0000-4836-0022-BC85-08DBEB9D2487;0;Baixa;36.280000000000;559B0000-4836-0022-A4E6-08DBEB9D2485;B92ED6E3-F601-4C9F-B384-2F177A0CD558;2023-11-01 03:00:00.000
103982136162810531;78;559B0000-4836-0022-B565-08DBEB9D248A;0;Baixa;36.280000000000;559B0000-4836-0022-3929-08DBEB9D2487;CE195F2E-D7E1-41E9-9D72-21FB26065F96;2023-11-01 03:00:00.000
111075390211410171;1;7E3B0000-BD3C-6045-80D8-08DBEB9F51C1;0;CancelamentoPorDesapropriacao;42.660000000000;7E3B0000-BD3C-6045-BFD1-08DBEB9F51BF;481B8F47-FBCF-4941-9EBC-566F384426EB;2023-11-01 03:00:00.000
111075390211410171;1;7E3B0000-BD3C-6045-812F-08DBEB9F51C1;0;Reemissao;42.660000000000;7E3B0000-BD3C-6045-BFD1-08DBEB9F51BF;481B8F47-FBCF-4941-9EBC-566F384426EB;2023-11-01 03:00:00.000
10198303215011181;108;559B0000-4836-0022-3C47-08DBEB9F63E7;0;CancelamentoPorDesapropriacao;8.270000000000;559B0000-4836-0022-11EC-08DBEB9F63E5;85BB9077-E47F-4B46-9B23-654C26F69D39;2023-11-01 03:00:00.000
10198303215011181;108;559B0000-4836-0022-3C7D-08DBEB9F63E7;0;Reemissao;8.270000000000;559B0000-4836-0022-11EC-08DBEB9F63E5;85BB9077-E47F-4B46-9B23-654C26F69D39;2023-11-01 03:00:00.000
103982136162810531;78;559B0000-4836-0022-1EA3-08DBEB9F63E8;0;CancelamentoPorDesapropriacao;36.280000000000;559B0000-4836-0022-FF1C-08DBEB9F63E5;06958042-CC29-4044-BF6D-E9575680C14F;2023-11-01 03:00:00.000
103982136162810531;78;559B0000-4836-0022-1EEB-08DBEB9F63E8;0;Reemissao;36.280000000000;559B0000-4836-0022-FF1C-08DBEB9F63E5;06958042-CC29-4044-BF6D-E9575680C14F;2023-11-01 03:00:00.000
111075390211410171;1;7E3B0000-BD3C-6045-C8A7-08DBEB9F6F25;0;AjusteParcela;42.660000000000;7E3B0000-BD3C-6045-571D-08DBEB9F6F24;3A3A5AFC-9F3D-4CB4-A316-25B2F4C765FB;2023-11-01 03:00:00.000
103982136162810531;78;7E3B0000-BD3C-6045-9B88-08DBEB9F6F2F;0;AjusteParcela;36.280000000000;7E3B0000-BD3C-6045-FF8A-08DBEB9F6F2D;232EE4B9-39A4-49E6-A289-48CBE9BCBC5D;2023-11-01 03:00:00.000
10198303215011181;108;559B0000-4836-0022-61E4-08DBEB9F8152;0;AjusteParcela;8.270000000000;559B0000-4836-0022-E22B-08DBEB9F814E;E73AA225-FEC4-4A83-9638-F493A3C4D870;2023-11-01 03:00:00.000
103982136162810531;78;7E3B0000-BD3C-6045-1FEE-08DBEB9FB3E4;0;CancelamentoAjusteParcela;36.280000000000;7E3B0000-BD3C-6045-9754-08DBEB9FB3E2;A9ADF283-4388-4C30-BB5E-DB8C08F0E3D2;2023-11-01 03:00:00.000
103982136162810531;78;7E3B0000-BD3C-6045-2001-08DBEB9FB3E4;0;Reemissao;36.280000000000;7E3B0000-BD3C-6045-9754-08DBEB9FB3E2;A9ADF283-4388-4C30-BB5E-DB8C08F0E3D2;2023-11-01 03:00:00.000
10198303215011181;108;559B0000-4836-0022-319E-08DBEB9FC609;0;CancelamentoAjusteParcela;8.270000000000;559B0000-4836-0022-5E36-08DBEB9FC607;3C7A099E-DBC0-4117-9412-57A1C7AFAAE0;2023-11-01 03:00:00.000
10198303215011181;108;559B0000-4836-0022-31AC-08DBEB9FC609;0;Reemissao;8.270000000000;559B0000-4836-0022-5E36-08DBEB9FC607;3C7A099E-DBC0-4117-9412-57A1C7AFAAE0;2023-11-01 03:00:00.000
111075390211410171;1;559B0000-4836-0022-E5B3-08DBEB9FC60F;0;CancelamentoAjusteParcela;42.660000000000;559B0000-4836-0022-1E35-08DBEB9FC60E;2F4B2376-1D3D-442E-84E7-AA628CAFAE12;2023-11-01 03:00:00.000
111075390211410171;1;559B0000-4836-0022-E5C0-08DBEB9FC60F;0;Reemissao;42.660000000000;559B0000-4836-0022-1E35-08DBEB9FC60E;2F4B2376-1D3D-442E-84E7-AA628CAFAE12;2023-11-01 03:00:00.000
111075390211410171;1;7E3B0000-BD3C-6045-C5E3-08DBEBA02F2C;0;Baixa;42.660000000000;7E3B0000-BD3C-6045-E3BA-08DBEBA02F2A;7D8AF2E2-67F6-40CA-8D84-3B31B1B2E9B1;2023-11-01 03:00:00.000
10198303215011181;108;7E3B0000-BD3C-6045-F74A-08DBEBA02F43;0;Baixa;8.270000000000;7E3B0000-BD3C-6045-0F29-08DBEBA02F40;E925B81A-B70F-492F-9705-058C1F2F575E;2023-11-01 03:00:00.000
103982136162810531;78;559B0000-4836-0022-789B-08DBEBA0416F;0;Baixa;36.280000000000;559B0000-4836-0022-7B4E-08DBEBA0416D;7AD19E8F-F5D8-4C27-9474-0931BBAF8A3D;2023-11-01 03:00:00.000
